,date,person,count,cumulative_person
9,2025-06-25,User_10,1,1
13,2025-06-27,User_10,10,11
17,2025-06-29,User_10,1,12
20,2025-06-30,User_10,9,21
23,2025-07-01,User_10,5,26
29,2025-07-03,User_10,1,27
32,2025-07-04,User_10,4,31
35,2025-07-05,User_10,15,46
39,2025-07-06,User_10,4,50
42,2025-07-07,User_10,13,63
47,2025-07-08,User_10,7,70
50,2025-07-10,User_10,15,85
53,2025-07-11,User_10,9,94
57,2025-07-12,User_10,1,95
61,2025-07-14,User_10,25,120
63,2025-07-15,User_10,3,123
66,2025-07-16,User_10,6,129
67,2025-07-17,User_10,1,130
69,2025-07-18,User_10,11,141
72,2025-07-19,User_10,3,144
75,2025-07-21,User_10,14,158
79,2025-07-22,User_10,1,159
83,2025-07-24,User_10,7,166
85,2025-07-25,User_10,14,180
88,2025-07-26,User_10,4,184
91,2025-07-27,User_10,5,189
92,2025-07-28,User_10,69,258
96,2025-07-29,User_10,166,424
100,2025-07-30,User_10,6,430
104,2025-08-01,User_10,27,457
108,2025-08-02,User_10,127,584
111,2025-08-03,User_10,2,586
114,2025-08-04,User_10,44,630
118,2025-08-05,User_10,44,674
122,2025-08-06,User_10,3,677
125,2025-08-08,User_10,25,702
130,2025-08-09,User_10,23,725
133,2025-08-10,User_10,5,730
137,2025-08-11,User_10,77,807
141,2025-08-12,User_10,20,827
147,2025-08-14,User_10,10,837
150,2025-08-15,User_10,36,873
155,2025-08-16,User_10,71,944
160,2025-08-17,User_10,27,971
163,2025-08-18,User_10,33,1004
168,2025-08-19,User_10,20,1024
173,2025-08-20,User_10,10,1034
177,2025-08-21,User_10,31,1065
182,2025-08-22,User_10,26,1091
188,2025-08-23,User_10,40,1131
194,2025-08-24,User_10,20,1151
197,2025-08-25,User_10,3,1154
202,2025-08-26,User_10,86,1240
207,2025-08-27,User_10,1,1241
214,2025-08-29,User_10,72,1313
219,2025-08-30,User_10,2,1315
223,2025-08-31,User_10,14,1329
227,2025-09-01,User_10,87,1416
233,2025-09-02,User_10,33,1449
239,2025-09-03,User_10,5,1454
243,2025-09-04,User_10,1,1455
247,2025-09-05,User_10,62,1517
253,2025-09-06,User_10,147,1664
258,2025-09-07,User_10,102,1766
261,2025-09-08,User_10,179,1945
265,2025-09-09,User_10,3,1948
269,2025-09-10,User_10,35,1983
273,2025-09-11,User_10,122,2105
278,2025-09-12,User_10,11,2116
283,2025-09-13,User_10,100,2216
290,2025-09-14,User_10,9,2225
295,2025-09-15,User_10,54,2279
302,2025-09-16,User_10,102,2381
309,2025-09-17,User_10,11,2392
315,2025-09-18,User_10,18,2410
320,2025-09-19,User_10,42,2452
327,2025-09-20,User_10,10,2462
333,2025-09-21,User_10,31,2493
339,2025-09-22,User_10,6,2499
346,2025-09-23,User_10,1,2500
350,2025-09-24,User_10,1,2501
354,2025-09-25,User_10,4,2505
360,2025-09-26,User_10,4,2509
364,2025-09-27,User_10,1,2510
369,2025-09-28,User_10,25,2535
372,2025-09-29,User_10,11,2546
377,2025-09-30,User_10,1,2547
382,2025-10-01,User_10,4,2551
386,2025-10-02,User_10,5,2556
390,2025-10-03,User_10,26,2582
398,2025-10-04,User_10,1,2583
403,2025-10-05,User_10,6,2589
408,2025-10-06,User_10,2,2591
415,2025-10-07,User_10,20,2611
422,2025-10-10,User_10,7,2618
428,2025-10-11,User_10,1,2619
431,2025-10-12,User_10,26,2645
439,2025-10-15,User_10,5,2650
443,2025-10-16,User_10,11,2661
454,2025-10-18,User_10,6,2667
460,2025-10-19,User_10,3,2670
466,2025-10-20,User_10,12,2682
470,2025-10-21,User_10,18,2700
477,2025-10-22,User_10,2,2702
483,2025-10-23,User_10,28,2730
492,2025-10-24,User_10,2,2732
497,2025-10-25,User_10,25,2757
507,2025-10-26,User_10,22,2779
517,2025-10-27,User_10,1,2780
525,2025-10-28,User_10,31,2811
533,2025-10-29,User_10,5,2816
556,2025-11-01,User_10,23,2839
568,2025-11-02,User_10,73,2912
615,2025-11-13,User_10,4,2916
628,2025-11-15,User_10,2,2918
637,2025-11-17,User_10,3,2921
648,2025-11-19,User_10,5,2926
656,2025-11-20,User_10,4,2930
697,2025-11-30,User_10,7,2937
707,2025-12-01,User_10,54,2991
719,2025-12-02,User_10,1,2992
741,2025-12-08,User_10,1,2993
126,2025-08-08,User_12,9,9
131,2025-08-09,User_12,28,37
134,2025-08-10,User_12,10,47
138,2025-08-11,User_12,139,186
142,2025-08-12,User_12,27,213
145,2025-08-13,User_12,5,218
148,2025-08-14,User_12,19,237
151,2025-08-15,User_12,54,291
156,2025-08-16,User_12,75,366
161,2025-08-17,User_12,17,383
164,2025-08-18,User_12,29,412
169,2025-08-19,User_12,38,450
174,2025-08-20,User_12,7,457
178,2025-08-21,User_12,52,509
183,2025-08-22,User_12,1,510
189,2025-08-23,User_12,5,515
195,2025-08-24,User_12,10,525
198,2025-08-25,User_12,18,543
203,2025-08-26,User_12,16,559
208,2025-08-27,User_12,1,560
215,2025-08-29,User_12,47,607
220,2025-08-30,User_12,9,616
224,2025-08-31,User_12,15,631
228,2025-09-01,User_12,65,696
234,2025-09-02,User_12,8,704
240,2025-09-03,User_12,7,711
244,2025-09-04,User_12,8,719
248,2025-09-05,User_12,49,768
254,2025-09-06,User_12,68,836
259,2025-09-07,User_12,87,923
262,2025-09-08,User_12,1,924
266,2025-09-09,User_12,1,925
270,2025-09-10,User_12,43,968
274,2025-09-11,User_12,17,985
279,2025-09-12,User_12,24,1009
284,2025-09-13,User_12,77,1086
291,2025-09-14,User_12,10,1096
296,2025-09-15,User_12,37,1133
303,2025-09-16,User_12,145,1278
310,2025-09-17,User_12,13,1291
316,2025-09-18,User_12,4,1295
321,2025-09-19,User_12,43,1338
328,2025-09-20,User_12,13,1351
334,2025-09-21,User_12,22,1373
340,2025-09-22,User_12,2,1375
347,2025-09-23,User_12,4,1379
351,2025-09-24,User_12,2,1381
355,2025-09-25,User_12,9,1390
361,2025-09-26,User_12,1,1391
365,2025-09-27,User_12,2,1393
370,2025-09-28,User_12,1,1394
373,2025-09-29,User_12,13,1407
378,2025-09-30,User_12,15,1422
383,2025-10-01,User_12,5,1427
387,2025-10-02,User_12,7,1434
392,2025-10-03,User_12,13,1447
404,2025-10-05,User_12,15,1462
410,2025-10-06,User_12,18,1480
417,2025-10-07,User_12,41,1521
423,2025-10-10,User_12,19,1540
429,2025-10-11,User_12,3,1543
433,2025-10-12,User_12,31,1574
440,2025-10-15,User_12,5,1579
445,2025-10-16,User_12,10,1589
451,2025-10-17,User_12,3,1592
456,2025-10-18,User_12,10,1602
461,2025-10-19,User_12,15,1617
467,2025-10-20,User_12,10,1627
472,2025-10-21,User_12,10,1637
478,2025-10-22,User_12,5,1642
485,2025-10-23,User_12,17,1659
494,2025-10-24,User_12,12,1671
499,2025-10-25,User_12,24,1695
509,2025-10-26,User_12,5,1700
519,2025-10-27,User_12,12,1712
526,2025-10-28,User_12,11,1723
535,2025-10-29,User_12,11,1734
546,2025-10-30,User_12,1,1735
550,2025-10-31,User_12,9,1744
558,2025-11-01,User_12,30,1774
570,2025-11-02,User_12,13,1787
580,2025-11-03,User_12,4,1791
583,2025-11-04,User_12,1,1792
589,2025-11-06,User_12,5,1797
597,2025-11-09,User_12,2,1799
606,2025-11-11,User_12,2,1801
610,2025-11-12,User_12,1,1802
616,2025-11-13,User_12,8,1810
621,2025-11-14,User_12,4,1814
629,2025-11-15,User_12,4,1818
630,2025-11-16,User_12,3,1821
638,2025-11-17,User_12,14,1835
643,2025-11-18,User_12,5,1840
649,2025-11-19,User_12,4,1844
657,2025-11-20,User_12,13,1857
663,2025-11-21,User_12,1,1858
669,2025-11-23,User_12,1,1859
671,2025-11-25,User_12,13,1872
677,2025-11-26,User_12,5,1877
684,2025-11-28,User_12,4,1881
691,2025-11-29,User_12,2,1883
699,2025-11-30,User_12,17,1900
709,2025-12-01,User_12,11,1911
720,2025-12-02,User_12,4,1915
731,2025-12-05,User_12,1,1916
736,2025-12-07,User_12,4,1920
742,2025-12-08,User_12,20,1940
751,2025-12-09,User_12,7,1947
757,2025-12-10,User_12,2,1949
762,2025-12-11,User_12,1,1950
765,2025-12-12,User_12,2,1952
775,2025-12-14,User_12,1,1953
779,2025-12-15,User_12,4,1957
785,2025-12-16,User_12,1,1958
280,2025-09-12,User_13,18,18
285,2025-09-13,User_13,70,88
292,2025-09-14,User_13,15,103
297,2025-09-15,User_13,62,165
304,2025-09-16,User_13,32,197
311,2025-09-17,User_13,17,214
317,2025-09-18,User_13,1,215
322,2025-09-19,User_13,34,249
329,2025-09-20,User_13,50,299
335,2025-09-21,User_13,8,307
341,2025-09-22,User_13,18,325
348,2025-09-23,User_13,4,329
352,2025-09-24,User_13,1,330
356,2025-09-25,User_13,5,335
362,2025-09-26,User_13,10,345
366,2025-09-27,User_13,5,350
374,2025-09-29,User_13,1,351
379,2025-09-30,User_13,4,355
388,2025-10-02,User_13,13,368
393,2025-10-03,User_13,41,409
399,2025-10-04,User_13,7,416
405,2025-10-05,User_13,10,426
411,2025-10-06,User_13,12,438
418,2025-10-07,User_13,22,460
424,2025-10-10,User_13,12,472
430,2025-10-11,User_13,3,475
434,2025-10-12,User_13,27,502
438,2025-10-13,User_13,1,503
457,2025-10-18,User_13,5,508
468,2025-10-20,User_13,2,510
473,2025-10-21,User_13,7,517
479,2025-10-22,User_13,1,518
486,2025-10-23,User_13,23,541
500,2025-10-25,User_13,17,558
510,2025-10-26,User_13,64,622
527,2025-10-28,User_13,29,651
536,2025-10-29,User_13,6,657
551,2025-10-31,User_13,7,664
559,2025-11-01,User_13,10,674
571,2025-11-02,User_13,105,779
598,2025-11-09,User_13,4,783
602,2025-11-10,User_13,2,785
611,2025-11-12,User_13,1,786
672,2025-11-25,User_13,4,790
700,2025-11-30,User_13,37,827
710,2025-12-01,User_13,11,838
14,2025-06-27,User_4,8,8
21,2025-06-30,User_4,3,11
24,2025-07-01,User_4,4,15
33,2025-07-04,User_4,6,21
36,2025-07-05,User_4,1,22
43,2025-07-07,User_4,7,29
54,2025-07-11,User_4,1,30
58,2025-07-12,User_4,1,31
62,2025-07-14,User_4,2,33
64,2025-07-15,User_4,3,36
70,2025-07-18,User_4,13,49
76,2025-07-21,User_4,7,56
80,2025-07-22,User_4,9,65
93,2025-07-28,User_4,65,130
97,2025-07-29,User_4,100,230
101,2025-07-30,User_4,3,233
105,2025-08-01,User_4,4,237
115,2025-08-04,User_4,29,266
119,2025-08-05,User_4,15,281
127,2025-08-08,User_4,13,294
139,2025-08-11,User_4,21,315
143,2025-08-12,User_4,2,317
152,2025-08-15,User_4,37,354
157,2025-08-16,User_4,33,387
165,2025-08-18,User_4,2,389
184,2025-08-22,User_4,3,392
190,2025-08-23,User_4,23,415
209,2025-08-27,User_4,1,416
212,2025-08-28,User_4,1,417
216,2025-08-29,User_4,19,436
229,2025-09-01,User_4,32,468
235,2025-09-02,User_4,19,487
249,2025-09-05,User_4,40,527
286,2025-09-13,User_4,8,535
298,2025-09-15,User_4,14,549
305,2025-09-16,User_4,17,566
323,2025-09-19,User_4,10,576
342,2025-09-22,User_4,1,577
426,2025-10-10,User_4,3,580
453,2025-10-17,User_4,1,581
469,2025-10-20,User_4,1,582
475,2025-10-21,User_4,1,583
481,2025-10-22,User_4,2,585
488,2025-10-23,User_4,1,586
502,2025-10-25,User_4,1,587
530,2025-10-28,User_4,9,596
540,2025-10-29,User_4,2,598
563,2025-11-01,User_4,1,599
575,2025-11-02,User_4,1,600
714,2025-12-01,User_4,2,602
724,2025-12-02,User_4,2,604
166,2025-08-18,User_6,15,15
170,2025-08-19,User_6,8,23
175,2025-08-20,User_6,2,25
179,2025-08-21,User_6,12,37
185,2025-08-22,User_6,20,57
191,2025-08-23,User_6,14,71
196,2025-08-24,User_6,10,81
199,2025-08-25,User_6,49,130
204,2025-08-26,User_6,32,162
210,2025-08-27,User_6,4,166
213,2025-08-28,User_6,1,167
217,2025-08-29,User_6,54,221
221,2025-08-30,User_6,6,227
225,2025-08-31,User_6,7,234
230,2025-09-01,User_6,52,286
236,2025-09-02,User_6,10,296
241,2025-09-03,User_6,7,303
245,2025-09-04,User_6,21,324
250,2025-09-05,User_6,49,373
255,2025-09-06,User_6,61,434
260,2025-09-07,User_6,71,505
263,2025-09-08,User_6,26,531
267,2025-09-09,User_6,1,532
271,2025-09-10,User_6,12,544
275,2025-09-11,User_6,57,601
281,2025-09-12,User_6,15,616
287,2025-09-13,User_6,48,664
293,2025-09-14,User_6,23,687
299,2025-09-15,User_6,40,727
306,2025-09-16,User_6,97,824
312,2025-09-17,User_6,3,827
318,2025-09-18,User_6,20,847
324,2025-09-19,User_6,46,893
330,2025-09-20,User_6,2,895
336,2025-09-21,User_6,2,897
343,2025-09-22,User_6,4,901
357,2025-09-25,User_6,19,920
363,2025-09-26,User_6,15,935
367,2025-09-27,User_6,6,941
371,2025-09-28,User_6,15,956
375,2025-09-29,User_6,6,962
380,2025-09-30,User_6,16,978
384,2025-10-01,User_6,5,983
395,2025-10-03,User_6,18,1001
401,2025-10-04,User_6,25,1026
406,2025-10-05,User_6,2,1028
413,2025-10-06,User_6,12,1040
420,2025-10-07,User_6,16,1056
427,2025-10-10,User_6,10,1066
436,2025-10-12,User_6,42,1108
442,2025-10-15,User_6,16,1124
447,2025-10-16,User_6,12,1136
459,2025-10-18,User_6,6,1142
463,2025-10-19,User_6,20,1162
482,2025-10-22,User_6,4,1166
489,2025-10-23,User_6,1,1167
496,2025-10-24,User_6,2,1169
504,2025-10-25,User_6,13,1182
513,2025-10-26,User_6,12,1194
523,2025-10-27,User_6,1,1195
532,2025-10-28,User_6,4,1199
542,2025-10-29,User_6,5,1204
548,2025-10-30,User_6,1,1205
555,2025-10-31,User_6,2,1207
565,2025-11-01,User_6,1,1208
577,2025-11-02,User_6,21,1229
585,2025-11-04,User_6,1,1230
592,2025-11-06,User_6,6,1236
605,2025-11-10,User_6,2,1238
619,2025-11-13,User_6,5,1243
625,2025-11-14,User_6,2,1245
635,2025-11-16,User_6,2,1247
642,2025-11-17,User_6,13,1260
646,2025-11-18,User_6,1,1261
653,2025-11-19,User_6,1,1262
661,2025-11-20,User_6,2,1264
675,2025-11-25,User_6,2,1266
688,2025-11-28,User_6,4,1270
694,2025-11-29,User_6,2,1272
704,2025-11-30,User_6,20,1292
733,2025-12-05,User_6,4,1296
739,2025-12-07,User_6,1,1297
747,2025-12-08,User_6,6,1303
755,2025-12-09,User_6,1,1304
760,2025-12-10,User_6,5,1309
769,2025-12-12,User_6,1,1310
777,2025-12-14,User_6,1,1311
782,2025-12-15,User_6,12,1323
788,2025-12-16,User_6,3,1326
1,2025-06-20,User_8,5,5
3,2025-06-21,User_8,3,8
5,2025-06-22,User_8,1,9
7,2025-06-23,User_8,22,31
8,2025-06-24,User_8,8,39
10,2025-06-25,User_8,6,45
11,2025-06-26,User_8,6,51
15,2025-06-27,User_8,33,84
18,2025-06-29,User_8,2,86
22,2025-06-30,User_8,4,90
25,2025-07-01,User_8,17,107
28,2025-07-02,User_8,11,118
30,2025-07-03,User_8,4,122
34,2025-07-04,User_8,20,142
37,2025-07-05,User_8,17,159
40,2025-07-06,User_8,5,164
44,2025-07-07,User_8,30,194
48,2025-07-08,User_8,2,196
49,2025-07-09,User_8,4,200
51,2025-07-10,User_8,16,216
55,2025-07-11,User_8,13,229
59,2025-07-12,User_8,2,231
73,2025-07-19,User_8,11,242
74,2025-07-20,User_8,2,244
77,2025-07-21,User_8,29,273
81,2025-07-22,User_8,7,280
84,2025-07-24,User_8,8,288
86,2025-07-25,User_8,23,311
89,2025-07-26,User_8,23,334
94,2025-07-28,User_8,145,479
98,2025-07-29,User_8,157,636
102,2025-07-30,User_8,7,643
106,2025-08-01,User_8,80,723
109,2025-08-02,User_8,276,999
112,2025-08-03,User_8,5,1004
116,2025-08-04,User_8,58,1062
120,2025-08-05,User_8,57,1119
123,2025-08-06,User_8,3,1122
128,2025-08-08,User_8,55,1177
132,2025-08-09,User_8,30,1207
135,2025-08-10,User_8,8,1215
140,2025-08-11,User_8,64,1279
144,2025-08-12,User_8,29,1308
146,2025-08-13,User_8,2,1310
149,2025-08-14,User_8,24,1334
153,2025-08-15,User_8,60,1394
158,2025-08-16,User_8,90,1484
162,2025-08-17,User_8,55,1539
171,2025-08-19,User_8,24,1563
176,2025-08-20,User_8,2,1565
180,2025-08-21,User_8,45,1610
186,2025-08-22,User_8,39,1649
192,2025-08-23,User_8,47,1696
200,2025-08-25,User_8,54,1750
205,2025-08-26,User_8,62,1812
211,2025-08-27,User_8,2,1814
231,2025-09-01,User_8,188,2002
237,2025-09-02,User_8,54,2056
242,2025-09-03,User_8,3,2059
246,2025-09-04,User_8,4,2063
251,2025-09-05,User_8,21,2084
256,2025-09-06,User_8,13,2097
264,2025-09-08,User_8,6,2103
268,2025-09-09,User_8,4,2107
272,2025-09-10,User_8,3,2110
276,2025-09-11,User_8,70,2180
282,2025-09-12,User_8,32,2212
288,2025-09-13,User_8,78,2290
294,2025-09-14,User_8,11,2301
300,2025-09-15,User_8,94,2395
307,2025-09-16,User_8,120,2515
313,2025-09-17,User_8,1,2516
319,2025-09-18,User_8,9,2525
325,2025-09-19,User_8,68,2593
331,2025-09-20,User_8,58,2651
337,2025-09-21,User_8,27,2678
344,2025-09-22,User_8,11,2689
349,2025-09-23,User_8,1,2690
353,2025-09-24,User_8,3,2693
358,2025-09-25,User_8,9,2702
376,2025-09-29,User_8,2,2704
381,2025-09-30,User_8,6,2710
389,2025-10-02,User_8,1,2711
396,2025-10-03,User_8,16,2727
407,2025-10-05,User_8,1,2728
414,2025-10-06,User_8,4,2732
448,2025-10-16,User_8,4,2736
464,2025-10-19,User_8,14,2750
476,2025-10-21,User_8,3,2753
490,2025-10-23,User_8,17,2770
505,2025-10-25,User_8,2,2772
514,2025-10-26,User_8,10,2782
543,2025-10-29,User_8,2,2784
566,2025-11-01,User_8,5,2789
578,2025-11-02,User_8,45,2834
586,2025-11-04,User_8,2,2836
593,2025-11-06,User_8,3,2839
609,2025-11-11,User_8,1,2840
626,2025-11-14,User_8,7,2847
647,2025-11-18,User_8,1,2848
654,2025-11-19,User_8,7,2855
666,2025-11-21,User_8,1,2856
676,2025-11-25,User_8,8,2864
681,2025-11-26,User_8,4,2868
695,2025-11-29,User_8,20,2888
705,2025-11-30,User_8,20,2908
716,2025-12-01,User_8,2,2910
726,2025-12-02,User_8,3,2913
728,2025-12-03,User_8,1,2914
735,2025-12-06,User_8,2,2916
740,2025-12-07,User_8,79,2995
748,2025-12-08,User_8,8,3003
761,2025-12-10,User_8,5,3008
778,2025-12-14,User_8,2,3010
789,2025-12-16,User_8,16,3026
16,2025-06-27,User_9,2,2
26,2025-07-01,User_9,2,4
45,2025-07-07,User_9,3,7
56,2025-07-11,User_9,3,10
71,2025-07-18,User_9,15,25
78,2025-07-21,User_9,4,29
82,2025-07-22,User_9,7,36
87,2025-07-25,User_9,12,48
90,2025-07-26,User_9,21,69
95,2025-07-28,User_9,28,97
99,2025-07-29,User_9,53,150
103,2025-07-30,User_9,2,152
107,2025-08-01,User_9,1,153
110,2025-08-02,User_9,82,235
113,2025-08-03,User_9,1,236
117,2025-08-04,User_9,22,258
121,2025-08-05,User_9,26,284
124,2025-08-06,User_9,1,285
129,2025-08-08,User_9,15,300
136,2025-08-10,User_9,1,301
154,2025-08-15,User_9,17,318
159,2025-08-16,User_9,7,325
167,2025-08-18,User_9,8,333
172,2025-08-19,User_9,2,335
181,2025-08-21,User_9,9,344
187,2025-08-22,User_9,5,349
193,2025-08-23,User_9,8,357
201,2025-08-25,User_9,4,361
206,2025-08-26,User_9,1,362
218,2025-08-29,User_9,7,369
222,2025-08-30,User_9,13,382
232,2025-09-01,User_9,5,387
238,2025-09-02,User_9,3,390
252,2025-09-05,User_9,2,392
257,2025-09-06,User_9,25,417
277,2025-09-11,User_9,1,418
289,2025-09-13,User_9,4,422
301,2025-09-15,User_9,15,437
308,2025-09-16,User_9,45,482
314,2025-09-17,User_9,1,483
326,2025-09-19,User_9,1,484
332,2025-09-20,User_9,5,489
345,2025-09-22,User_9,2,491
368,2025-09-27,User_9,2,493
397,2025-10-03,User_9,4,497
402,2025-10-04,User_9,10,507
421,2025-10-07,User_9,2,509
449,2025-10-16,User_9,1,510
465,2025-10-19,User_9,1,511
491,2025-10-23,User_9,4,515
506,2025-10-25,User_9,1,516
515,2025-10-26,User_9,1,517
524,2025-10-27,User_9,1,518
544,2025-10-29,User_9,1,519
567,2025-11-01,User_9,1,520
579,2025-11-02,User_9,3,523
594,2025-11-06,User_9,3,526
601,2025-11-09,User_9,3,529
620,2025-11-13,User_9,1,530
627,2025-11-14,User_9,11,541
636,2025-11-16,User_9,4,545
655,2025-11-19,User_9,7,552
662,2025-11-20,User_9,3,555
667,2025-11-21,User_9,4,559
682,2025-11-26,User_9,6,565
689,2025-11-28,User_9,2,567
696,2025-11-29,User_9,6,573
706,2025-11-30,User_9,1,574
717,2025-12-01,User_9,8,582
749,2025-12-08,User_9,3,585
764,2025-12-11,User_9,1,586
773,2025-12-13,User_9,1,587
